-- phpMyAdmin SQL Dump
-- version 5.0.4
-- https://www.phpmyadmin.net/
--
-- Hôte : localhost
-- Généré le : mer. 07 juil. 2021 à 14:01
-- Version du serveur :  10.4.17-MariaDB-log
-- Version de PHP : 7.4.14

SET SQL_MODE = "NO_AUTO_VALUE_ON_ZERO";
START TRANSACTION;
SET time_zone = "+00:00";


/*!40101 SET @OLD_CHARACTER_SET_CLIENT=@@CHARACTER_SET_CLIENT */;
/*!40101 SET @OLD_CHARACTER_SET_RESULTS=@@CHARACTER_SET_RESULTS */;
/*!40101 SET @OLD_COLLATION_CONNECTION=@@COLLATION_CONNECTION */;
/*!40101 SET NAMES utf8mb4 */;

--
-- Base de données : resto2
-- évolution de la base resto :
-- le champ mailU n'est plus la clef primaire de la table utilisateur, c'est un champ autoincrémenté (idU)
-- les tables aimer, critiquer, preferer ont été modifiées en conséquence
-- les contraintes de clef étrangères de ces tables ont été égamlement adaptées
--
CREATE DATABASE IF NOT EXISTS resto2 DEFAULT CHARACTER SET utf8 COLLATE utf8_bin;
USE resto2;

-- --------------------------------------------------------

--
-- Structure de la table aimer
--

CREATE TABLE aimer (
  idR bigint(20) NOT NULL,
  idU bigint(20) NOT NULL
) ENGINE=InnoDB DEFAULT CHARSET=utf8mb4;

--
-- Déchargement des données de la table aimer
--

INSERT INTO aimer VALUES(1, 3);
INSERT INTO aimer VALUES(1, 4);
INSERT INTO aimer VALUES(1, 7);
INSERT INTO aimer VALUES(2, 3);
INSERT INTO aimer VALUES(3, 3);
INSERT INTO aimer VALUES(4, 3);
INSERT INTO aimer VALUES(4, 6);
INSERT INTO aimer VALUES(5, 6);
INSERT INTO aimer VALUES(6, 6);
INSERT INTO aimer VALUES(7, 3);
INSERT INTO aimer VALUES(7, 6);
INSERT INTO aimer VALUES(8, 3);
INSERT INTO aimer VALUES(8, 6);
INSERT INTO aimer VALUES(8, 7);
INSERT INTO aimer VALUES(10, 1);
INSERT INTO aimer VALUES(11, 5);

-- --------------------------------------------------------

--
-- Structure de la table critiquer
--

CREATE TABLE critiquer (
  idR bigint(20) NOT NULL,
  note int(11) DEFAULT NULL,
  commentaire varchar(4096) DEFAULT NULL,
  idU bigint(20) NOT NULL
) ENGINE=InnoDB DEFAULT CHARSET=utf8mb4;

--
-- Déchargement des données de la table critiquer
--

INSERT INTO critiquer VALUES(1, 3, 'moyen', 2);
INSERT INTO critiquer VALUES(1, 3, 'Très bonne entrecote, les frites sont maisons et delicieuses.', 3);
INSERT INTO critiquer VALUES(1, 4, 'Très bon accueil.', 5);
INSERT INTO critiquer VALUES(1, 4, '5/5 parce que j''aime les entrecotes', 6);
INSERT INTO critiquer VALUES(1, 5, NULL, 7);
INSERT INTO critiquer VALUES(2, 2, 'bof.', 2);
INSERT INTO critiquer VALUES(2, 1, 'À éviter...', 3);
INSERT INTO critiquer VALUES(2, 1, 'Cuisine tres moyenne.', 5);
INSERT INTO critiquer VALUES(2, 5, NULL, 6);
INSERT INTO critiquer VALUES(4, 5, NULL, 3);
INSERT INTO critiquer VALUES(4, 5, 'Rapide.', 5);
INSERT INTO critiquer VALUES(5, 3, 'Cuisine correcte.', 5);
INSERT INTO critiquer VALUES(6, 4, 'Cuisine de qualité.', 5);
INSERT INTO critiquer VALUES(7, 4, 'Bon accueil.', 1);
INSERT INTO critiquer VALUES(7, NULL, NULL, 3);
INSERT INTO critiquer VALUES(7, 5, 'Excellent.', 5);
INSERT INTO critiquer VALUES(8, 1, NULL, 6);
INSERT INTO critiquer VALUES(8, 4, NULL, 7);
INSERT INTO critiquer VALUES(9, 4, 'Très bon accueil :)', 3);

-- --------------------------------------------------------

--
-- Structure de la table photo
--

CREATE TABLE photo (
  idP bigint(20) NOT NULL,
  cheminP varchar(255) DEFAULT NULL,
  idR bigint(20) DEFAULT NULL
) ENGINE=InnoDB DEFAULT CHARSET=utf8mb4;

--
-- Déchargement des données de la table photo
--

INSERT INTO photo VALUES(0, 'entrepote.jpg', 1);
INSERT INTO photo VALUES(2, 'sapporo.jpg', 3);
INSERT INTO photo VALUES(3, 'restaurant_entrepotes.jpg', 1);
INSERT INTO photo VALUES(4, 'barDuCharcutier.jpg', 2);
INSERT INTO photo VALUES(6, 'cidrerieDuFronton.jpg', 4);
INSERT INTO photo VALUES(7, 'agadir.jpg', 5);
INSERT INTO photo VALUES(8, 'leBistrotSainteCluque.jpg', 6);
INSERT INTO photo VALUES(9, 'auberge.jpg', 7);
INSERT INTO photo VALUES(10, 'laTableDePottoka.jpg', 8);
INSERT INTO photo VALUES(11, 'rotisserieDuRoyLeon.jpg', 9);
INSERT INTO photo VALUES(12, 'barDuMarche.jpg', 10);
INSERT INTO photo VALUES(13, 'trinquetModerne.jpg', 11);
INSERT INTO photo VALUES(14, 'cidrerieDuFronton2.jpg', 4);
INSERT INTO photo VALUES(15, 'cidrerieDuFronton3.jpg', 4);

-- --------------------------------------------------------



-- --------------------------------------------------------

--
-- Structure de la table resto
--

CREATE TABLE resto (
  idR bigint(20) NOT NULL,
  nomR varchar(255) DEFAULT NULL,
  numAdrR varchar(20) DEFAULT NULL,
  voieAdrR varchar(255) DEFAULT NULL,
  cpR char(5) DEFAULT NULL,
  villeR varchar(255) DEFAULT NULL,
  latitudeDegR float DEFAULT NULL,
  longitudeDegR float DEFAULT NULL,
  descR text DEFAULT NULL,
  horairesR text DEFAULT NULL
) ENGINE=InnoDB DEFAULT CHARSET=utf8mb4;

--
-- Déchargement des données de la table resto
--

INSERT INTO resto VALUES(1, 'l''entrepote', '2', 'rue Maurice Ravel', '33000', 'Bordeaux', 44.7948, -0.58754, 'description', '<table>\n    <thead>\n        <tr>\n            <th>Ouverture</th><th>Semaine</th>	<th>Week-end</th>\n        </tr>\n    </thead>\n    <tbody>\n        <tr>\n            <td class=\"label\">Midi</td>\n            <td class=\"cell\">de 11h45 à 14h30</td>\n            <td class=\"cell\">de 11h45 à 15h00</td>\n        </tr>\n        <tr>\n            <td class=\"label\">Soir</td>\n            <td class=\"cell\">de 18h45 à 22h30</td>\n            <td class=\"cell\">de 18h45 à 1h</td>	\n        </tr>\n        <tr>\n            <td class=\"label\">À emporter</td>\n            <td class=\"cell\">de 11h30 à 23h</td>\n            <td class=\"cell\">de 11h30 à 2h</td>\n        </tr>\n    </tbody>\n</table>');
INSERT INTO resto VALUES(2, 'le bar du charcutier', '30', 'rue Parlement Sainte-Catherine', '33000', 'Bordeaux', NULL, NULL, 'description', '<table>\r\n    <thead>\r\n        <tr>\r\n            <th>Ouverture</th><th>Semaine</th>	<th>Week-end</th>\r\n        </tr>\r\n    </thead>\r\n    <tbody>\r\n        <tr>\r\n            <td class=\"label\">Midi</td>\r\n            <td class=\"cell\">de 11h45 à 14h30</td>\r\n            <td class=\"cell\">de 11h45 à 15h00</td>\r\n        </tr>\r\n        <tr>\r\n            <td class=\"label\">Soir</td>\r\n            <td class=\"cell\">de 18h45 à 22h30</td>\r\n            <td class=\"cell\">de 18h45 à 1h</td>	\r\n        </tr>\r\n        <tr>\r\n            <td class=\"label\">À emporter</td>\r\n            <td class=\"cell\">de 11h30 à 23h</td>\r\n            <td class=\"cell\">de 11h30 à 2h</td>\r\n        </tr>\r\n    </tbody>\r\n</table>');
INSERT INTO resto VALUES(3, 'Sapporo', '33', 'rue Saint Rémi', '33000', 'Bordeaux', NULL, NULL, 'Le Sapporo propose à ses clients de délicieux plats typiques japonais.', '<table>\r\n    <thead>\r\n        <tr>\r\n            <th>Ouverture</th><th>Semaine</th>	<th>Week-end</th>\r\n        </tr>\r\n    </thead>\r\n    <tbody>\r\n        <tr>\r\n            <td class=\"label\">Midi</td>\r\n            <td class=\"cell\">de 11h45 à 14h30</td>\r\n            <td class=\"cell\">de 11h45 à 15h00</td>\r\n        </tr>\r\n        <tr>\r\n            <td class=\"label\">Soir</td>\r\n            <td class=\"cell\">de 18h45 à 22h30</td>\r\n            <td class=\"cell\">de 18h45 à 1h</td>	\r\n        </tr>\r\n        <tr>\r\n            <td class=\"label\">À emporter</td>\r\n            <td class=\"cell\">de 11h30 à 23h</td>\r\n            <td class=\"cell\">de 11h30 à 2h</td>\r\n        </tr>\r\n    </tbody>\r\n</table>');
INSERT INTO resto VALUES(4, 'Cidrerie du fronton', NULL, 'Place du Fronton', '64210', 'Arbonne', NULL, NULL, 'description', '<table>\r\n    <thead>\r\n        <tr>\r\n            <th>Ouverture</th><th>Semaine</th>	<th>Week-end</th>\r\n        </tr>\r\n    </thead>\r\n    <tbody>\r\n        <tr>\r\n            <td class=\"label\">Midi</td>\r\n            <td class=\"cell\">de 11h45 à 14h30</td>\r\n            <td class=\"cell\">de 11h45 à 15h00</td>\r\n        </tr>\r\n        <tr>\r\n            <td class=\"label\">Soir</td>\r\n            <td class=\"cell\">de 18h45 à 22h30</td>\r\n            <td class=\"cell\">de 18h45 à 1h</td>	\r\n        </tr>\r\n        <tr>\r\n            <td class=\"label\">À emporter</td>\r\n            <td class=\"cell\">de 11h30 à 23h</td>\r\n            <td class=\"cell\">de 11h30 à 2h</td>\r\n        </tr>\r\n    </tbody>\r\n</table>');
INSERT INTO resto VALUES(5, 'Agadir', '3', 'Rue Sainte-Catherine', '64100', 'Bayonne', NULL, NULL, 'description', '<table>\r\n    <thead>\r\n        <tr>\r\n            <th>Ouverture</th><th>Semaine</th>	<th>Week-end</th>\r\n        </tr>\r\n    </thead>\r\n    <tbody>\r\n        <tr>\r\n            <td class=\"label\">Midi</td>\r\n            <td class=\"cell\">de 11h45 à 14h30</td>\r\n            <td class=\"cell\">de 11h45 à 15h00</td>\r\n        </tr>\r\n        <tr>\r\n            <td class=\"label\">Soir</td>\r\n            <td class=\"cell\">de 18h45 à 22h30</td>\r\n            <td class=\"cell\">de 18h45 à 1h</td>	\r\n        </tr>\r\n        <tr>\r\n            <td class=\"label\">À emporter</td>\r\n            <td class=\"cell\">de 11h30 à 23h</td>\r\n            <td class=\"cell\">de 11h30 à 2h</td>\r\n        </tr>\r\n    </tbody>\r\n</table>');
INSERT INTO resto VALUES(6, 'Le Bistrot Sainte Cluque', '9', 'Rue Hugues', '64100', 'Bayonne', NULL, NULL, 'description', '<table>\r\n    <thead>\r\n        <tr>\r\n            <th>Ouverture</th><th>Semaine</th>	<th>Week-end</th>\r\n        </tr>\r\n    </thead>\r\n    <tbody>\r\n        <tr>\r\n            <td class=\"label\">Midi</td>\r\n            <td class=\"cell\">de 11h45 à 14h30</td>\r\n            <td class=\"cell\">de 11h45 à 15h00</td>\r\n        </tr>\r\n        <tr>\r\n            <td class=\"label\">Soir</td>\r\n            <td class=\"cell\">de 18h45 à 22h30</td>\r\n            <td class=\"cell\">de 18h45 à 1h</td>	\r\n        </tr>\r\n        <tr>\r\n            <td class=\"label\">À emporter</td>\r\n            <td class=\"cell\">de 11h30 à 23h</td>\r\n            <td class=\"cell\">de 11h30 à 2h</td>\r\n        </tr>\r\n    </tbody>\r\n</table>');
INSERT INTO resto VALUES(7, 'la petite auberge', '15', 'rue des cordeliers', '64100', 'Bayonne', NULL, NULL, 'description', '<table>\r\n    <thead>\r\n        <tr>\r\n            <th>Ouverture</th><th>Semaine</th>	<th>Week-end</th>\r\n        </tr>\r\n    </thead>\r\n    <tbody>\r\n        <tr>\r\n            <td class=\"label\">Midi</td>\r\n            <td class=\"cell\">de 11h45 à 14h30</td>\r\n            <td class=\"cell\">de 11h45 à 15h00</td>\r\n        </tr>\r\n        <tr>\r\n            <td class=\"label\">Soir</td>\r\n            <td class=\"cell\">de 18h45 à 22h30</td>\r\n            <td class=\"cell\">de 18h45 à 1h</td>	\r\n        </tr>\r\n        <tr>\r\n            <td class=\"label\">À emporter</td>\r\n            <td class=\"cell\">de 11h30 à 23h</td>\r\n            <td class=\"cell\">de 11h30 à 2h</td>\r\n        </tr>\r\n    </tbody>\r\n</table>');
INSERT INTO resto VALUES(8, 'La table de POTTOKA', '21', 'Quai Amiral Dubourdieu', '64100', 'Bayonne', NULL, NULL, 'description', '<table>\r\n    <thead>\r\n        <tr>\r\n            <th>Ouverture</th><th>Semaine</th>	<th>Week-end</th>\r\n        </tr>\r\n    </thead>\r\n    <tbody>\r\n        <tr>\r\n            <td class=\"label\">Midi</td>\r\n            <td class=\"cell\">de 11h45 à 14h30</td>\r\n            <td class=\"cell\">de 11h45 à 15h00</td>\r\n        </tr>\r\n        <tr>\r\n            <td class=\"label\">Soir</td>\r\n            <td class=\"cell\">de 18h45 à 22h30</td>\r\n            <td class=\"cell\">de 18h45 à 1h</td>	\r\n        </tr>\r\n        <tr>\r\n            <td class=\"label\">À emporter</td>\r\n            <td class=\"cell\">de 11h30 à 23h</td>\r\n            <td class=\"cell\">de 11h30 à 2h</td>\r\n        </tr>\r\n    </tbody>\r\n</table>');
INSERT INTO resto VALUES(9, 'La Rotisserie du Roy Léon', '8', 'rue de coursic', '64100', 'Bayonne', NULL, NULL, 'description', '<table>\r\n    <thead>\r\n        <tr>\r\n            <th>Ouverture</th><th>Semaine</th>	<th>Week-end</th>\r\n        </tr>\r\n    </thead>\r\n    <tbody>\r\n        <tr>\r\n            <td class=\"label\">Midi</td>\r\n            <td class=\"cell\">de 11h45 à 14h30</td>\r\n            <td class=\"cell\">de 11h45 à 15h00</td>\r\n        </tr>\r\n        <tr>\r\n            <td class=\"label\">Soir</td>\r\n            <td class=\"cell\">de 18h45 à 22h30</td>\r\n            <td class=\"cell\">de 18h45 à 1h</td>	\r\n        </tr>\r\n        <tr>\r\n            <td class=\"label\">À emporter</td>\r\n            <td class=\"cell\">de 11h30 à 23h</td>\r\n            <td class=\"cell\">de 11h30 à 2h</td>\r\n        </tr>\r\n    </tbody>\r\n</table>');
INSERT INTO resto VALUES(10, 'Bar du Marché', '39', 'Rue des Basques', '64100', 'Bayonne', NULL, NULL, 'description', '<table>\r\n    <thead>\r\n        <tr>\r\n            <th>Ouverture</th><th>Semaine</th>	<th>Week-end</th>\r\n        </tr>\r\n    </thead>\r\n    <tbody>\r\n        <tr>\r\n            <td class=\"label\">Midi</td>\r\n            <td class=\"cell\">de 11h45 à 14h30</td>\r\n            <td class=\"cell\">de 11h45 à 15h00</td>\r\n        </tr>\r\n        <tr>\r\n            <td class=\"label\">Soir</td>\r\n            <td class=\"cell\">de 18h45 à 22h30</td>\r\n            <td class=\"cell\">de 18h45 à 1h</td>	\r\n        </tr>\r\n        <tr>\r\n            <td class=\"label\">À emporter</td>\r\n            <td class=\"cell\">de 11h30 à 23h</td>\r\n            <td class=\"cell\">de 11h30 à 2h</td>\r\n        </tr>\r\n    </tbody>\r\n</table>');
INSERT INTO resto VALUES(11, 'Trinquet Moderne', '60', 'Avenue Dubrocq', '64100', 'Bayonne', NULL, NULL, 'description', '<table>\r\n    <thead>\r\n        <tr>\r\n            <th>Ouverture</th><th>Semaine</th>	<th>Week-end</th>\r\n        </tr>\r\n    </thead>\r\n    <tbody>\r\n        <tr>\r\n            <td class=\"label\">Midi</td>\r\n            <td class=\"cell\">de 11h45 à 14h30</td>\r\n            <td class=\"cell\">de 11h45 à 15h00</td>\r\n        </tr>\r\n        <tr>\r\n            <td class=\"label\">Soir</td>\r\n            <td class=\"cell\">de 18h45 à 22h30</td>\r\n            <td class=\"cell\">de 18h45 à 1h</td>	\r\n        </tr>\r\n        <tr>\r\n            <td class=\"label\">À emporter</td>\r\n            <td class=\"cell\">de 11h30 à 23h</td>\r\n            <td class=\"cell\">de 11h30 à 2h</td>\r\n        </tr>\r\n    </tbody>\r\n</table>');

-- --------------------------------------------------------


-- --------------------------------------------------------

--
-- Structure de la table utilisateur
--

CREATE TABLE utilisateur (
  idU bigint(20) NOT NULL,
  mailU varchar(150) NOT NULL,
  mdpU varchar(50) DEFAULT NULL,
  pseudoU varchar(50) DEFAULT NULL
) ENGINE=InnoDB DEFAULT CHARSET=utf8mb4;

--
-- Déchargement des données de la table utilisateur
--

INSERT INTO utilisateur VALUES(1, 'alex.garat@gmail.com', '$1$zvN5hYSQSQDFUIQSdufUQSDFznHF5osT.', '@lex');
INSERT INTO utilisateur VALUES(2, 'jj.soueix@gmail.com', '$1$zvN5hYMI$SDFGSDFGJqJSDJF.', 'drskott');
INSERT INTO utilisateur VALUES(3, 'mathieu.capliez@gmail.com', 'seSzpoUAQgIl.', 'pich');
INSERT INTO utilisateur VALUES(4, 'michel.garay@gmail.com', '$1$zvN5hYMI$VSatLQ6SDFGdsfgznHF5osT.', 'Mitch');
INSERT INTO utilisateur VALUES(5, 'nicolas.harispe@gmail.com', '$1$zvNDSFQSdfqsDfQsdfsT.', 'Nico40');
INSERT INTO utilisateur VALUES(6, 'test@bts.sio', 'seSzpoUAQgIl.', 'testeur SIO');
INSERT INTO utilisateur VALUES(7, 'yann@lechambon.fr', 'sej6dETYl/ea.', 'yann');

--
-- Index pour les tables déchargées
--

--
-- Index pour la table aimer
--
ALTER TABLE aimer
  ADD PRIMARY KEY (idR,idU),
  ADD KEY aimer_ibfk_2 (idU);

--
-- Index pour la table critiquer
--
ALTER TABLE critiquer
  ADD PRIMARY KEY (idR,idU),
  ADD KEY critiquer_ibfk_2 (idU);

--
-- Index pour la table photo
--
ALTER TABLE photo
  ADD PRIMARY KEY (idP),
  ADD KEY idR (idR);



--
-- Index pour la table resto
--
ALTER TABLE resto
  ADD PRIMARY KEY (idR);


--
-- Index pour la table utilisateur
--
ALTER TABLE utilisateur
  ADD PRIMARY KEY (idU),
  ADD UNIQUE KEY mailU (mailU);

--
-- AUTO_INCREMENT pour les tables déchargées
--

--
-- AUTO_INCREMENT pour la table utilisateur
--
ALTER TABLE utilisateur
  MODIFY idU bigint(20) NOT NULL AUTO_INCREMENT, AUTO_INCREMENT=8;

--
-- Contraintes pour les tables déchargées
--

--
-- Contraintes pour la table aimer
--
ALTER TABLE aimer
  ADD CONSTRAINT aimer_ibfk_1 FOREIGN KEY (idR) REFERENCES resto (idR),
  ADD CONSTRAINT aimer_ibfk_2 FOREIGN KEY (idU) REFERENCES utilisateur (idU);

--
-- Contraintes pour la table critiquer
--
ALTER TABLE critiquer
  ADD CONSTRAINT critiquer_ibfk_1 FOREIGN KEY (idR) REFERENCES resto (idR),
  ADD CONSTRAINT critiquer_ibfk_2 FOREIGN KEY (idU) REFERENCES utilisateur (idU);

--
-- Contraintes pour la table photo
--
ALTER TABLE photo
  ADD CONSTRAINT photo_ibfk_1 FOREIGN KEY (idR) REFERENCES resto (idR);


COMMIT;
